State/Territory/Federal Entity;Total Doses Distributed;Doses Distributed per 100K;18+ Doses Distributed per 100K;Total Doses Administered by State where Administered;Doses Administered per 100k by State where Administered;18+ Doses Administered by State where Administered;18+ Doses Administered per 100K by State where Administered;People with at least One Dose by State of Residence;Percent of Total Pop with at least One Dose by State of Residence;People 18+ with at least One Dose by State of Residence;Percent of 18+ Pop with at least One Dose by State of Residence;People Fully Vaccinated by State of Residence;Percent of Total Pop Fully Vaccinated by State of Residence;People 18+ Fully Vaccinated by State of Residence;Percent of 18+ Pop Fully Vaccinated by State of Residence;Total Number of Pfizer doses distributed;Total Number of Moderna doses distributed;Total Number of Janssen doses distributed;Total Number of doses from Other manufacturer distributed;Total Number of Janssen doses administered;Total Number of Moderna doses administered;Total Number of Pfizer doses adminstered;Total Number of doses from Other manufacturer administered;People Fully Vaccinated Moderna Resident;People Fully Vaccinated Pfizer Resident;People Fully Vaccinated Janssen Resident;People Fully Vaccinated Other 2-dose manufacturer Resident;People 18+ Fully Vaccinated Moderna Resident;People 18+ Fully Vaccinated Pfizer Resident;People 18+ Fully Vaccinated Janssen Resident;People 18+ Fully Vaccinated Other 2-dose manufacturer Resident;People 65+ with at least One Dose by State of Residence;Percent of 65+ Pop with at least One Dose by State of Residence;People 65+ Fully Vaccinated by State of Residence;Percent of 65+ Pop Fully Vaccinated by State of Residence;People 65+ Fully Vaccinated_Moderna_Resident;People 65+ Fully Vaccinated_Pfizer_Resident;People 65+ Fully Vaccinated_Janssen_Resident;People 65+ Fully Vaccinated_Other 2-dose Manuf_Resident;65+ Doses Administered by State where Administered;Doses Administered per 100k of 65+ pop by State where Administered;Doses Distributed per 100K of 65+ pop;People 12+ with at least One Dose by State of Residence;Percent of 12+ Pop with at least One Dose by State of Residence;People 12+ Fully Vaccinated by State of Residence;Percent of 12+ Pop Fully Vaccinated by State of Residence;People 12+ Fully Vaccinated_Moderna_Resident;People 12+ Fully Vaccinated_Pfizer_Resident;People 12+ Fully Vaccinated_Janssen_Resident;People 12+ Fully Vaccinated_Other 2-dose Manuf_Resident;12+ Doses Administered by State where Administered;Doses Administered per 100k of 12+ pop by State where Administered;Doses Distributed per 100K of 12+ pop;People 5+ with at least One Dose by State of Residence;Percent of 5+ Pop with at least One Dose by State of Residence;People 5+ Fully Vaccinated by State of Residence;Percent of 5+ Pop Fully Vaccinated by State of Residence;People 5+ Fully Vaccinated_Moderna_Resident;People 5+ Fully Vaccinated_Pfizer_Resident;People 5+ Fully Vaccinated_Janssen_Resident;People 5+ Fully Vaccinated_Other 2-dose Manuf_Resident;5+ Doses Administered by State where Administered;Doses Administered per 100k of 5+ pop  by State where Administered;Doses Distributed per 100K of 5+ pop;People with a first booster dose;Percent of fully vaccinated people with a first booster dose;People 12+ with a first booster dose;Percent of fully vaccinated people 12+ with booster doses;People 18+ with a first booster dose;Percent of fully vaccinated people 18+ with a first booster dose;People 65+ with a first booster dose;Percent of fully vaccinated people 65+ with a first booster dose;People with Moderna first booster dose;People with Pfizer first booster dose;People with Janssen first booster dose;People with first booster dose of an Other manufacturer;Total Count People w/First Booster Primary Pfizer Minus TX;Total Count People w/First Booster Primary Moderna Minus TX;Total Count People w/First Booster Primary J&J Minus TX;Total Count People w/First Booster Primary Other Minus TX;Total Count People w/First Booster Booster Pfizer Minus TX;Total Count People w/First Booster Booster Moderna Minus TX;Total Count People w/First Booster Booster J&J Minus TX;Total Count People w/First Booster Booster Other Minus TX;Count People Primary Pfizer First Booster Pfizer;Count People Primary Pfizer First Booster Moderna;Count People Primary Pfizer First Booster J&J;Count People Primary Pfizer Booster Other;Count People Primary Moderna First Booster Pfizer;Count People Primary Moderna First Booster Moderna;Count People Primary Moderna First Booster J&J;Count People Primary Moderna Booster Other;Count People Primary J&J First Booster Pfizer;Count People Primary J&J First Booster Moderna;Count People Primary J&J First Booster J&J;Count People Primary J&J First Booster Other;Count People Primary Other First Booster Pfizer;Count People Primary Other First Booster Moderna;Count People Primary Other First Booster J&J;Count People Primary Other First Booster Other;Percent People Primary Pfizer First Booster Pfizer;Percent People Primary Pfizer First Booster Moderna;Percent People Primary Pfizer First Booster J&J;Percent People Primary Pfizer First Booster Other;Percent People Primary Moderna First Booster Pfizer;Percent People Primary Moderna First Booster Moderna;Percent People Primary Moderna First Booster J&J;Percent People Primary Moderna First Booster Other;Percent People Primary J&J First Booster Pfizer;Percent People Primary J&J First Booster Moderna;Percent People Primary J&J First Booster J&J;Percent People Primary J&J First Booster Other;Percent People Primary Other First Booster Pfizer;Percent People Primary Other First Booster Moderna;Percent People Primary Other First Booster J&J;Percent People Primary Other Booster Other
Alabama;9785840;199581;256518;6313176;128757;5892154;154452;3080476;62.8;2849498;74.7;2511297;51.2;2337605;61.3;5113880;4274160;397800;0;178341;2752193;3382058;584;1033553;1310768;166253;723;1033042;1137691;166154;718;816886;95;699410;82.3;371435;290496;37026;453;1920709;226009;1151500;3014914;72;2467986;58.9;1033531;1267490;166242;723;6201489;148117;233726;3080033;66.8;2511233;54.5;1033549;1310717;166244;723;6312677;136969;212328;899083;35.8;898954;36.4;883028;37.8;410556;58.7;442579;440446;15920;138;N/A;N/A;N/A;N/A;N/A;N/A;N/A;N/A;N/A;N/A;N/A;N/A;N/A;N/A;N/A;N/A;N/A;N/A;N/A;N/A;N/A;N/A;N/A;N/A;N/A;N/A;N/A;N/A;N/A;N/A;N/A;N/A;N/A;N/A;N/A;N/A;N/A;N/A;N/A;N/A
Alaska;1558765;213078;282609;1153223;157642;1033163;187316;510769;69.8;451821;81.9;457403;62.5;405320;73.5;868845;604620;85300;0;46758;445484;659892;1089;161317;254158;41795;133;160878;202684;41633;125;87170;95;79132;86.4;43413;31968;3705;46;230938;252149;1701930;488097;80.2;438258;72;161309;235027;41791;131;1110812;182436;256007;510343;75;457168;67.2;161313;253929;41793;133;1152562;169379;229074;200018;43.7;199914;45.6;191529;47.3;58669;74.1;88443;108536;3008;31;N/A;N/A;N/A;N/A;N/A;N/A;N/A;N/A;N/A;N/A;N/A;N/A;N/A;N/A;N/A;N/A;N/A;N/A;N/A;N/A;N/A;N/A;N/A;N/A;N/A;N/A;N/A;N/A;N/A;N/A;N/A;N/A;N/A;N/A;N/A;N/A;N/A;N/A;N/A;N/A
Arizona;15030920;206505;266577;12239803;168159;11022505;195487;5333216;73.3;4708142;83.5;4495643;61.8;4006445;71.1;8684600;5736820;609500;0;371124;4797467;7038433;32779;1644212;2508581;334309;8541;1643437;2020882;333748;8378;1305288;95;1132342;86.5;550676;526206;50868;4592;3545954;270966;1148600;5106607;82.3;4329577;69.8;1644153;2342860;334061;8503;11835749;190713;242197;5332134;77.9;4495322;65.6;1644193;2508518;334070;8541;12238561;178693;219464;1899094;42.2;1898094;43.8;1825397;45.6;711289;62.8;831500;1041196;24268;2130;N/A;N/A;N/A;N/A;N/A;N/A;N/A;N/A;N/A;N/A;N/A;N/A;N/A;N/A;N/A;N/A;N/A;N/A;N/A;N/A;N/A;N/A;N/A;N/A;N/A;N/A;N/A;N/A;N/A;N/A;N/A;N/A;N/A;N/A;N/A;N/A;N/A;N/A;N/A;N/A
Arkansas;6289480;208412;271373;4265437;141342;3893508;167994;2016511;66.8;1815980;78.4;1646520;54.6;1490335;64.3;3393260;2641220;255000;0;123428;1824024;2313927;4058;668135;863854;113164;1367;666922;709855;112601;957;502206;95;423407;80.8;237613;169481;15793;520;1234169;235581;1200550;1950475;76.3;1599695;62.6;668111;817550;113033;1001;4152929;162398;245947;2014218;71.2;1645850;58.2;668121;863325;113043;1361;4262571;150656;222295;656126;39.8;655931;41;638744;42.9;275104;65;318784;326793;10053;496;N/A;N/A;N/A;N/A;N/A;N/A;N/A;N/A;N/A;N/A;N/A;N/A;N/A;N/A;N/A;N/A;N/A;N/A;N/A;N/A;N/A;N/A;N/A;N/A;N/A;N/A;N/A;N/A;N/A;N/A;N/A;N/A;N/A;N/A;N/A;N/A;N/A;N/A;N/A;N/A
California;91384555;231282;298471;75643369;191443;67510615;220496;32518071;82.3;28523991;93.2;28598941;72.4;25115927;82;54815975;32839180;3729400;0;2314381;28343447;44970451;15090;9808246;16698919;2087014;4762;9780672;13251873;2079000;4382;5965221;95;5306649;90.9;2681360;2421394;202444;1451;16132497;276331;1565310;31007569;92.2;27334114;81.2;9807441;15435584;2086393;4696;72867189;216568;271604;32486379;87.5;28579030;77;9807928;16679717;2086624;4761;75591872;203595;246130;15027598;52.5;15023244;55;14351658;57.1;4023787;75.8;6442736;8352851;231412;599;N/A;N/A;N/A;N/A;N/A;N/A;N/A;N/A;N/A;N/A;N/A;N/A;N/A;N/A;N/A;N/A;N/A;N/A;N/A;N/A;N/A;N/A;N/A;N/A;N/A;N/A;N/A;N/A;N/A;N/A;N/A;N/A;N/A;N/A;N/A;N/A;N/A;N/A;N/A;N/A
Colorado;12649675;219661;281153;10813996;187784;9753736;216787;4579119;79.5;4058177;90.2;4052952;70.4;3601018;80;7501235;4655340;493100;0;342131;4186260;6274827;10778;1441265;2296085;312677;2925;1440612;1845293;312320;2793;864880;95;786349;93.3;374921;381532;28960;936;2435865;289154;1501600;4375260;88.6;3884520;78.7;1441189;2127783;312650;2898;10440529;211515;256271;4577406;84.4;4052859;74.7;1441250;2296031;312658;2920;10812220;199247;233108;2114292;52.2;2113760;54.4;2026919;56.3;601569;76.5;929756;1157482;26304;750;N/A;N/A;N/A;N/A;N/A;N/A;N/A;N/A;N/A;N/A;N/A;N/A;N/A;N/A;N/A;N/A;N/A;N/A;N/A;N/A;N/A;N/A;N/A;N/A;N/A;N/A;N/A;N/A;N/A;N/A;N/A;N/A;N/A;N/A;N/A;N/A;N/A;N/A;N/A;N/A
Connecticut;8900325;249638;313629;7684488;215536;6904179;243289;3417076;95;3029322;95;2831854;79.4;2505706;88.3;5114045;3440980;345300;0;250074;2914413;4518779;1222;956468;1643478;231452;456;955928;1318167;231261;350;750636;95;619386;95;244708;351773;22801;104;1952533;309806;1412200;3274037;95;2712582;87.3;956138;1524622;231369;453;7420675;238918;286558;3415513;95;2831405;83.7;956260;1643317;231373;455;7682520;227053;263045;1468104;51.8;1467922;54.1;1405794;56.1;460074;74.3;668089;782029;17962;24;N/A;N/A;N/A;N/A;N/A;N/A;N/A;N/A;N/A;N/A;N/A;N/A;N/A;N/A;N/A;N/A;N/A;N/A;N/A;N/A;N/A;N/A;N/A;N/A;N/A;N/A;N/A;N/A;N/A;N/A;N/A;N/A;N/A;N/A;N/A;N/A;N/A;N/A;N/A;N/A
Delaware;2398555;246318;311423;1831812;188117;1668303;216609;811528;83.3;732467;95;675488;69.4;609739;79.2;1369455;929000;100100;0;62314;706444;1060770;2284;236804;380734;57224;726;236654;315222;57163;700;212653;95;182590;95;75590;96626;10005;369;559672;296270;1269710;782800;93.2;652666;77.7;236791;357941;57213;721;1779108;211847;285608;811351;88.3;675457;73.5;236793;380718;57220;726;1831610;199295;260983;309996;45.9;309908;47.5;298637;49;126184;69.1;132992;171762;5177;65;N/A;N/A;N/A;N/A;N/A;N/A;N/A;N/A;N/A;N/A;N/A;N/A;N/A;N/A;N/A;N/A;N/A;N/A;N/A;N/A;N/A;N/A;N/A;N/A;N/A;N/A;N/A;N/A;N/A;N/A;N/A;N/A;N/A;N/A;N/A;N/A;N/A;N/A;N/A;N/A
Florida;48701485;226753;282363;37794172;175969;35118815;203613;17072996;79.5;15686638;90.9;14420444;67.1;13291541;77.1;28245365;18067620;2388500;0;1483883;14020503;22145876;143910;4890571;8125012;1363887;40974;4888221;7001462;1362076;39782;4796454;95;4108096;91.3;1972613;1898501;215026;21956;12475084;277388;1082900;16651842;89.1;14093458;75.4;4889681;7800280;1363017;40480;37032532;198077;260491;17064472;83.9;14418614;70.9;4889814;8124836;1363066;40898;37784440;185783;239461;5837249;40.5;5836077;41.4;5710061;43;2575916;62.7;2503043;3220116;106132;7958;N/A;N/A;N/A;N/A;N/A;N/A;N/A;N/A;N/A;N/A;N/A;N/A;N/A;N/A;N/A;N/A;N/A;N/A;N/A;N/A;N/A;N/A;N/A;N/A;N/A;N/A;N/A;N/A;N/A;N/A;N/A;N/A;N/A;N/A;N/A;N/A;N/A;N/A;N/A;N/A
Georgia;21982395;207041;270935;15015027;141419;13724945;169161;6955760;65.5;6273924;77.3;5826868;54.9;5294164;65.3;12554055;8593240;835100;0;342895;5853038;8777617;41477;2153250;3340103;321125;12390;2152124;2810491;320607;10942;1447825;95;1269135;83.7;691889;538953;35431;2862;3656288;241028;1449110;6740796;75;5669597;63.1;2153161;3183237;320981;12218;14629980;162771;244572;6953767;69.8;5826556;58.5;2153203;3339949;321022;12382;15012795;150718;220688;2207497;37.9;2206736;38.9;2145995;40.5;751830;59.2;987119;1192989;25503;1886;N/A;N/A;N/A;N/A;N/A;N/A;N/A;N/A;N/A;N/A;N/A;N/A;N/A;N/A;N/A;N/A;N/A;N/A;N/A;N/A;N/A;N/A;N/A;N/A;N/A;N/A;N/A;N/A;N/A;N/A;N/A;N/A;N/A;N/A;N/A;N/A;N/A;N/A;N/A;N/A
Hawaii;3515380;248284;314997;2944823;207987;2644058;236922;1239735;87.6;1092112;95;1110089;78.4;978835;87.7;2069060;1321820;124500;0;71256;1078122;1795143;302;366013;678668;65389;19;365118;548523;65175;19;271925;95;248843;92.7;109401;127664;11771;7;764073;284626;1309520;1180328;95;1058809;87.4;365954;627477;65359;19;2836061;234171;290261;1237789;93;1109341;83.4;365963;677998;65361;19;2942806;221155;264185;571973;51.5;571815;54;546895;55.9;197203;79.2;254579;311162;6229;3;N/A;N/A;N/A;N/A;N/A;N/A;N/A;N/A;N/A;N/A;N/A;N/A;N/A;N/A;N/A;N/A;N/A;N/A;N/A;N/A;N/A;N/A;N/A;N/A;N/A;N/A;N/A;N/A;N/A;N/A;N/A;N/A;N/A;N/A;N/A;N/A;N/A;N/A;N/A;N/A
Idaho;3440390;192516;256963;2487657;139203;2262719;169003;1103257;61.7;988860;73.9;975862;54.6;875252;65.4;1935210;1347580;157600;0;88353;933070;1462442;3792;331302;562076;81627;857;331118;461748;81548;838;277250;95;252944;87;116473;123843;12290;338;733708;252420;1183610;1065529;71.3;943160;63.1;331292;529411;81608;849;2418858;161752;230064;1103168;66;975816;58.4;331294;562054;81611;857;2487539;148877;205905;410296;42;410293;43.5;410063;46.9;172637;68.3;179880;224001;6298;117;N/A;N/A;N/A;N/A;N/A;N/A;N/A;N/A;N/A;N/A;N/A;N/A;N/A;N/A;N/A;N/A;N/A;N/A;N/A;N/A;N/A;N/A;N/A;N/A;N/A;N/A;N/A;N/A;N/A;N/A;N/A;N/A;N/A;N/A;N/A;N/A;N/A;N/A;N/A;N/A
Illinois;27773745;219177;281854;22854087;180354;20444953;207480;9718726;76.7;8544859;86.7;8748766;69;7691368;78.1;16922105;9682940;1168700;0;685708;8116340;14021303;30736;2835840;5275482;628037;9407;2828037;4228781;625370;9180;1981800;95;1819476;89;810421;920911;84338;3806;5480137;268209;1359310;9242428;85.3;8327397;76.8;2835723;4854296;627980;9398;21951543;202546;256267;9709517;81.4;8742314;73.3;2835742;5269187;627983;9402;22838356;191518;232906;4536532;51.9;4535174;54.5;4350134;56.6;1423023;78.2;1839325;2640345;54974;1888;N/A;N/A;N/A;N/A;N/A;N/A;N/A;N/A;N/A;N/A;N/A;N/A;N/A;N/A;N/A;N/A;N/A;N/A;N/A;N/A;N/A;N/A;N/A;N/A;N/A;N/A;N/A;N/A;N/A;N/A;N/A;N/A;N/A;N/A;N/A;N/A;N/A;N/A;N/A;N/A
Indiana;13609980;202162;263542;9590339;142454;8798302;170370;4143513;61.5;3737481;72.4;3698020;54.9;3372209;65.3;8206480;4793800;609700;0;306048;3456254;5796173;31864;1256359;2151143;281943;8575;1255927;1826257;281626;8399;1011262;93.1;945061;87;462244;447723;31144;3950;2777021;255771;1253520;3997212;70.1;3595171;63;1256290;2048437;281910;8534;9340450;163723;238561;4143051;65.6;3697932;58.6;1256349;2151083;281926;8574;9589878;151886;215557;1707312;46.2;1703042;47.4;1649156;48.9;657249;69.5;664111;1019988;21540;1673;N/A;N/A;N/A;N/A;N/A;N/A;N/A;N/A;N/A;N/A;N/A;N/A;N/A;N/A;N/A;N/A;N/A;N/A;N/A;N/A;N/A;N/A;N/A;N/A;N/A;N/A;N/A;N/A;N/A;N/A;N/A;N/A;N/A;N/A;N/A;N/A;N/A;N/A;N/A;N/A
Iowa;6735655;213487;277390;5155319;163398;4716051;194218;2146747;68;1932286;79.6;1958289;62.1;1766030;72.7;3842535;2602320;290800;0;179063;2054137;2921541;578;717319;1077037;163513;420;717077;885138;163411;404;550588;95;516062;93.3;271398;229917;14608;139;1575257;284880;1218120;2067719;77.3;1888296;70.6;717297;1007075;163508;416;5004889;187009;251680;2146558;72.5;1958274;66.2;717314;1077029;163511;420;5155136;174193;227599;1041702;53.2;1041546;55.2;1011838;57.3;409699;79.4;472957;554524;14158;63;N/A;N/A;N/A;N/A;N/A;N/A;N/A;N/A;N/A;N/A;N/A;N/A;N/A;N/A;N/A;N/A;N/A;N/A;N/A;N/A;N/A;N/A;N/A;N/A;N/A;N/A;N/A;N/A;N/A;N/A;N/A;N/A;N/A;N/A;N/A;N/A;N/A;N/A;N/A;N/A
Kansas;6116015;209933;276360;4642352;159350;4189569;189311;2174608;74.6;1942489;87.8;1795475;61.6;1604107;72.5;3506075;2353540;256400;0;138824;1763462;2735712;4354;639067;1028928;126687;793;638639;838261;126535;672;531417;95;436965;91.9;206950;211024;18701;290;1288918;271073;1286260;2090425;85.3;1729056;70.5;639033;962591;126663;769;4491813;183212;249460;2174405;79.7;1795451;65.8;639059;1028918;126682;792;4642132;170167;224195;770053;42.9;769884;44.5;742232;46.3;288652;66.1;331614;427284;10893;262;N/A;N/A;N/A;N/A;N/A;N/A;N/A;N/A;N/A;N/A;N/A;N/A;N/A;N/A;N/A;N/A;N/A;N/A;N/A;N/A;N/A;N/A;N/A;N/A;N/A;N/A;N/A;N/A;N/A;N/A;N/A;N/A;N/A;N/A;N/A;N/A;N/A;N/A;N/A;N/A
Kentucky;8990075;201225;259469;6561789;146873;6041456;174367;2960093;66.3;2693969;77.8;2568496;57.5;2342898;67.6;4893175;3713800;383100;0;237181;2693716;3628361;2531;981519;1373782;211347;1848;981119;1148876;211180;1723;728979;95;648961;86.5;296763;312461;38886;851;1853539;246953;1197780;2868708;75.4;2494265;65.5;981394;1299732;211310;1829;6395261;168024;236198;2959605;70.5;2568441;61.2;981506;1373765;211323;1847;6560584;156388;214301;1141143;44.4;1140982;45.7;1110915;47.4;446249;68.8;514082;602907;23933;221;N/A;N/A;N/A;N/A;N/A;N/A;N/A;N/A;N/A;N/A;N/A;N/A;N/A;N/A;N/A;N/A;N/A;N/A;N/A;N/A;N/A;N/A;N/A;N/A;N/A;N/A;N/A;N/A;N/A;N/A;N/A;N/A;N/A;N/A;N/A;N/A;N/A;N/A;N/A;N/A
Louisiana;8337850;179355;234133;6273892;134957;5821589;163474;2840171;61.1;2596248;72.9;2490410;53.6;2298037;64.5;4598070;3414580;325200;0;199868;2559701;3511112;3211;962663;1345397;181201;1149;962076;1153869;180977;1115;677575;91.4;638136;86.1;303640;311825;22454;217;1788424;241346;1125180;2768063;70.6;2439365;62.2;962629;1294431;181168;1137;6151198;156786;212520;2839823;65.3;2490285;57.3;962648;1345311;181179;1147;6273389;144305;191793;986992;39.6;986658;40.4;968369;42.1;416125;65.2;437214;536099;13591;88;N/A;N/A;N/A;N/A;N/A;N/A;N/A;N/A;N/A;N/A;N/A;N/A;N/A;N/A;N/A;N/A;N/A;N/A;N/A;N/A;N/A;N/A;N/A;N/A;N/A;N/A;N/A;N/A;N/A;N/A;N/A;N/A;N/A;N/A;N/A;N/A;N/A;N/A;N/A;N/A
Maine;3468350;258021;316637;2881540;214366;2639142;240936;1220341;90.8;1105783;95;1072797;79.8;969124;88.5;1945530;1368820;154000;0;143819;1181490;1552548;3683;387000;553000;131928;869;386911;449594;131846;773;332399;95;288136;95;132378;130788;24664;306;901712;316096;1215830;1174072;95;1031287;87;386979;511544;131906;858;2793375;235741;292704;1220169;95;1072763;83.8;386993;552992;131909;869;2881351;224987;270822;602781;56.2;602681;58.4;580713;59.9;225337;78.2;274852;316419;10880;630;N/A;N/A;N/A;N/A;N/A;N/A;N/A;N/A;N/A;N/A;N/A;N/A;N/A;N/A;N/A;N/A;N/A;N/A;N/A;N/A;N/A;N/A;N/A;N/A;N/A;N/A;N/A;N/A;N/A;N/A;N/A;N/A;N/A;N/A;N/A;N/A;N/A;N/A;N/A;N/A
Maryland;16068070;265778;341076;12160786;201148;10819528;229666;5239203;86.7;4588493;95;4584266;75.8;4013366;85.2;9962210;5497960;607900;0;366463;4413422;7362621;18280;1524639;2727753;327219;4655;1523882;2158517;326822;4145;1011115;95;913963;95;435767;421626;55305;1265;2774002;289140;1674810;4983768;95;4363523;84.5;1524523;2507432;327040;4528;11682700;226282;311223;5238181;92.2;4584101;80.7;1524604;2727668;327178;4651;12159659;213938;282702;2341169;51.1;2339857;53.6;2228178;55.5;694816;76;974724;1329658;35792;995;N/A;N/A;N/A;N/A;N/A;N/A;N/A;N/A;N/A;N/A;N/A;N/A;N/A;N/A;N/A;N/A;N/A;N/A;N/A;N/A;N/A;N/A;N/A;N/A;N/A;N/A;N/A;N/A;N/A;N/A;N/A;N/A;N/A;N/A;N/A;N/A;N/A;N/A;N/A;N/A
Massachusetts;17188110;249374;310271;15002124;217659;13465231;243068;6793244;95;6018283;95;5461831;79.2;4823380;87.1;10032990;6535820;619300;0;404498;5894632;8702545;449;1922085;3157551;381983;212;1916649;2525856;380688;187;1426533;95;1134552;95;516054;543982;74439;77;3510608;300223;1469910;6473739;95;5199635;86.4;1922044;2895430;381953;208;14418733;239643;285671;6786710;95;5457704;83.5;1922076;3153440;381977;211;14991382;229396;263011;2811850;51.5;2811095;54.1;2683608;55.6;808208;71.2;1307659;1477058;27104;29;N/A;N/A;N/A;N/A;N/A;N/A;N/A;N/A;N/A;N/A;N/A;N/A;N/A;N/A;N/A;N/A;N/A;N/A;N/A;N/A;N/A;N/A;N/A;N/A;N/A;N/A;N/A;N/A;N/A;N/A;N/A;N/A;N/A;N/A;N/A;N/A;N/A;N/A;N/A;N/A
Michigan;21591310;216197;275297;16005014;160261;14687534;187271;6699741;67.1;6064696;77.3;6020397;60.3;5450894;69.5;12066290;8580520;944500;0;467042;6308801;9226950;2221;2183570;3413741;421921;1165;2182723;2845549;421577;1045;1707453;95;1561149;88.4;781654;707641;71233;621;4668678;264454;1223030;6457986;75.1;5807111;67.6;2183489;3200581;421889;1152;15546560;180879;251208;6699072;71.1;6020332;63.9;2183547;3413714;421907;1164;16004313;169890;229197;3277347;54.4;3276897;56.4;3174658;58.2;1199005;76.8;1458454;1770588;48158;147;N/A;N/A;N/A;N/A;N/A;N/A;N/A;N/A;N/A;N/A;N/A;N/A;N/A;N/A;N/A;N/A;N/A;N/A;N/A;N/A;N/A;N/A;N/A;N/A;N/A;N/A;N/A;N/A;N/A;N/A;N/A;N/A;N/A;N/A;N/A;N/A;N/A;N/A;N/A;N/A
Minnesota;12870930;228223;296806;10432376;184983;9339460;215370;4241696;75.2;3721305;85.8;3908370;69.3;3430959;79.1;7778710;4588020;504200;0;357184;3788466;6281734;4992;1305758;2272206;328611;1795;1303349;1797846;328050;1714;946513;95;889308;95;374808;463446;50641;413;2755538;299391;1398430;4014063;84;3707207;77.6;1305695;2071154;328591;1767;10004495;209383;269374;4236726;80.1;3904952;73.8;1305748;2268818;328596;1790;10423939;197124;243398;2259352;57.8;2258671;60.9;2164837;63.1;736549;82.8;901379;1328626;28914;433;N/A;N/A;N/A;N/A;N/A;N/A;N/A;N/A;N/A;N/A;N/A;N/A;N/A;N/A;N/A;N/A;N/A;N/A;N/A;N/A;N/A;N/A;N/A;N/A;N/A;N/A;N/A;N/A;N/A;N/A;N/A;N/A;N/A;N/A;N/A;N/A;N/A;N/A;N/A;N/A
Mississippi;5604215;188304;246062;3890525;130723;3601064;158110;1776631;59.7;1622426;71.2;1545314;51.9;1418647;62.3;3105955;2270060;228200;0;93626;1564435;2229312;3152;587077;870476;86406;1355;586698;744347;86300;1302;447114;91.9;409469;84.1;207761;183328;17788;592;1148687;236019;1151490;1734272;68.8;1511862;60;587055;837067;86387;1353;3814564;151286;222264;1776458;63.6;1545282;55.3;587069;870464;86394;1355;3890335;139305;200676;578653;37.4;578531;38.3;567831;40;257539;62.9;268938;300757;8211;747;N/A;N/A;N/A;N/A;N/A;N/A;N/A;N/A;N/A;N/A;N/A;N/A;N/A;N/A;N/A;N/A;N/A;N/A;N/A;N/A;N/A;N/A;N/A;N/A;N/A;N/A;N/A;N/A;N/A;N/A;N/A;N/A;N/A;N/A;N/A;N/A;N/A;N/A;N/A;N/A
Missouri;11762305;191649;246753;9005278;146727;8270012;173490;4069522;66.3;3688818;77.4;3449052;56.2;3135643;65.8;6840645;4492560;429100;0;251993;3259549;5491411;2325;1171916;2038010;238346;780;1171396;1725679;238067;501;1022986;95;900216;84.8;410025;449782;40230;179;2633744;247990;1107520;3932600;75.1;3342818;63.8;1171892;1931881;238314;731;8762562;167361;224655;4069063;70.5;3449003;59.8;1171903;2037993;238330;777;9004824;156080;203876;1469669;42.6;1469416;44;1427196;45.5;597029;66.3;601027;850833;17731;78;N/A;N/A;N/A;N/A;N/A;N/A;N/A;N/A;N/A;N/A;N/A;N/A;N/A;N/A;N/A;N/A;N/A;N/A;N/A;N/A;N/A;N/A;N/A;N/A;N/A;N/A;N/A;N/A;N/A;N/A;N/A;N/A;N/A;N/A;N/A;N/A;N/A;N/A;N/A;N/A
Montana;2003195;187429;238422;1602547;149942;1478685;175994;698568;65.4;635021;75.6;608106;56.9;555283;66.1;1072995;825000;105200;0;61267;674892;864102;2286;238103;314341;55136;526;237958;261753;55058;514;197439;95;178030;86.2;85684;81982;10120;244;525717;254662;970366;674973;73.6;589501;64.2;238079;295768;55129;525;1560224;170034;218309;698430;69.3;608077;60.3;238087;314333;55131;526;1602371;159025;198804;291754;48;291684;49.5;284755;51.3;125572;70.5;136943;149266;5154;391;N/A;N/A;N/A;N/A;N/A;N/A;N/A;N/A;N/A;N/A;N/A;N/A;N/A;N/A;N/A;N/A;N/A;N/A;N/A;N/A;N/A;N/A;N/A;N/A;N/A;N/A;N/A;N/A;N/A;N/A;N/A;N/A;N/A;N/A;N/A;N/A;N/A;N/A;N/A;N/A
Nebraska;4027210;208188;276151;3231377;167047;2911453;199642;1361915;70.4;1205464;82.7;1232382;63.7;1093230;75;2461530;1415180;150500;0;95348;1158546;1970569;6914;416739;725071;88823;1749;416514;586365;88728;1623;309608;95;288442;92.3;139975;140512;7018;937;883021;282605;1288880;1302045;80.5;1180593;73;416696;673375;88797;1725;3119142;192848;248992;1361597;75.5;1232316;68.3;416717;725046;88807;1746;3230977;179148;223296;625893;50.8;625708;53;602552;55.1;223539;77.5;245442;372988;6966;497;N/A;N/A;N/A;N/A;N/A;N/A;N/A;N/A;N/A;N/A;N/A;N/A;N/A;N/A;N/A;N/A;N/A;N/A;N/A;N/A;N/A;N/A;N/A;N/A;N/A;N/A;N/A;N/A;N/A;N/A;N/A;N/A;N/A;N/A;N/A;N/A;N/A;N/A;N/A;N/A
Nevada;6020510;195461;252166;4930247;160065;4513529;189047;2323233;75.4;2102936;88.1;1877793;61;1706043;71.5;3693010;2068300;259200;0;187939;1691959;3049820;529;606495;1098399;172832;67;606382;926813;172784;64;506529;95;419556;84.6;192640;200694;26184;38;1236610;249331;1213880;2256649;86.1;1825806;69.6;606489;1046422;172828;67;4810720;183489;229633;2323125;80.3;1877777;64.9;606490;1098391;172829;67;4930135;170323;207992;728953;38.8;728898;39.9;708841;41.5;265012;63.2;298143;418453;12350;7;N/A;N/A;N/A;N/A;N/A;N/A;N/A;N/A;N/A;N/A;N/A;N/A;N/A;N/A;N/A;N/A;N/A;N/A;N/A;N/A;N/A;N/A;N/A;N/A;N/A;N/A;N/A;N/A;N/A;N/A;N/A;N/A;N/A;N/A;N/A;N/A;N/A;N/A;N/A;N/A
New Hampshire;3574100;262857;323607;2581346;189845;2357732;213474;1204085;88.6;1092968;95;961786;70.7;875111;79.2;2135060;1259540;179500;0;88608;963290;1529332;116;345517;536790;79369;110;345255;450428;79325;103;311510;95;247972;95;102128;130073;15726;45;723064;284823;1407880;1163339;95;931511;77.7;345414;506630;79357;110;2510735;209478;298197;1203564;92.9;961593;74.2;345416;536708;79359;110;2580647;199110;275760;441899;45.9;441842;47.4;424870;48.6;149518;60.3;188322;245776;7779;22;N/A;N/A;N/A;N/A;N/A;N/A;N/A;N/A;N/A;N/A;N/A;N/A;N/A;N/A;N/A;N/A;N/A;N/A;N/A;N/A;N/A;N/A;N/A;N/A;N/A;N/A;N/A;N/A;N/A;N/A;N/A;N/A;N/A;N/A;N/A;N/A;N/A;N/A;N/A;N/A
New Jersey;22345155;251573;321809;17353496;195374;15594565;224589;8046169;90.6;7156669;95;6734804;75.8;5971740;86;13331275;8039180;974700;0;576984;6551903;10221028;3581;2320085;3896188;516837;1694;2319282;3134461;516459;1538;1622052;95;1374349;93.1;639412;641149;93511;277;3994626;270724;1514380;7717432;95;6459287;84.8;2319989;3620970;516737;1591;16758397;219973;293306;8044652;95;6734597;80.5;2320050;3896086;516776;1685;17351908;207373;267047;3214973;47.7;3214201;49.8;3079718;51.6;942954;68.6;1363855;1784148;66879;91;N/A;N/A;N/A;N/A;N/A;N/A;N/A;N/A;N/A;N/A;N/A;N/A;N/A;N/A;N/A;N/A;N/A;N/A;N/A;N/A;N/A;N/A;N/A;N/A;N/A;N/A;N/A;N/A;N/A;N/A;N/A;N/A;N/A;N/A;N/A;N/A;N/A;N/A;N/A;N/A
New Mexico;4520945;215609;278900;3976913;189663;3572660;220400;1844762;88;1624406;95;1495252;71.3;1318780;81.4;2568045;1765200;187700;0;119927;1616107;2231024;9855;565182;817463;110264;2343;564693;641692;110102;2293;430874;95;358186;94.9;168261;167386;21404;1135;1064818;281992;1197270;1762054;95;1432813;80.2;565118;755118;110245;2332;3840425;214857;252930;1844505;93.4;1495189;75.7;565165;817428;110254;2342;3976633;201263;228811;746112;49.9;745887;52.1;712447;54;248636;69.4;313006;421981;10839;286;N/A;N/A;N/A;N/A;N/A;N/A;N/A;N/A;N/A;N/A;N/A;N/A;N/A;N/A;N/A;N/A;N/A;N/A;N/A;N/A;N/A;N/A;N/A;N/A;N/A;N/A;N/A;N/A;N/A;N/A;N/A;N/A;N/A;N/A;N/A;N/A;N/A;N/A;N/A;N/A
New York State;46635855;239729;302334;39530347;203204;35914835;232831;17576797;90.4;15779835;95;15003991;77.1;13438633;87.1;28244855;16490700;1900300;0;1435747;14314954;23755865;23781;5016870;8725152;1255247;6722;5013787;7165136;1254031;5679;3492274;95;3045879;92.4;1433670;1422588;187548;2073;9026106;273838;1414860;16898563;95;14423026;86;5016161;8145564;1255031;6270;38268934;228155;278038;17574016;95;15003417;81.9;5016742;8724885;1255134;6656;39526851;215681;254471;6864508;45.8;6862610;47.6;6613728;49.2;2070083;68;2915145;3831739;116961;663;N/A;N/A;N/A;N/A;N/A;N/A;N/A;N/A;N/A;N/A;N/A;N/A;N/A;N/A;N/A;N/A;N/A;N/A;N/A;N/A;N/A;N/A;N/A;N/A;N/A;N/A;N/A;N/A;N/A;N/A;N/A;N/A;N/A;N/A;N/A;N/A;N/A;N/A;N/A;N/A
North Carolina;22342000;213023;272884;16852111;160679;15343711;187407;8866394;84.5;8049634;95;6447495;61.5;5828627;71.2;12958540;8449460;934000;0;519174;6281963;10050024;950;2235627;3725996;485710;162;2232412;3111838;484221;156;2237784;95;1605651;91.7;766120;784061;55401;69;4575433;261290;1275890;8577152;95;6229689;69.3;2235506;3508341;485681;161;16336765;181812;248645;8862167;89.7;6445172;65.2;2235583;3723735;485693;161;16845572;170531;226172;1718175;26.6;1717874;27.6;1660129;28.5;636047;39.6;752668;936601;28875;31;N/A;N/A;N/A;N/A;N/A;N/A;N/A;N/A;N/A;N/A;N/A;N/A;N/A;N/A;N/A;N/A;N/A;N/A;N/A;N/A;N/A;N/A;N/A;N/A;N/A;N/A;N/A;N/A;N/A;N/A;N/A;N/A;N/A;N/A;N/A;N/A;N/A;N/A;N/A;N/A
North Dakota;1407900;184749;241953;1111065;145797;1017361;174837;500653;65.7;454776;78.2;424327;55.7;386138;66.4;815280;539420;53200;0;39754;412887;658098;326;145951;241754;36608;14;145735;203938;36452;13;121791;95;103480;86.3;48693;50396;4385;6;305665;255050;1174770;482582;75.7;409859;64.3;145945;227300;36600;14;1075204;168727;220935;500268;70.7;424133;59.9;145947;241570;36602;14;1110472;156855;198867;182692;43.1;182660;44.6;178223;46.2;72202;69.8;78188;101975;2521;8;N/A;N/A;N/A;N/A;N/A;N/A;N/A;N/A;N/A;N/A;N/A;N/A;N/A;N/A;N/A;N/A;N/A;N/A;N/A;N/A;N/A;N/A;N/A;N/A;N/A;N/A;N/A;N/A;N/A;N/A;N/A;N/A;N/A;N/A;N/A;N/A;N/A;N/A;N/A;N/A
Ohio;23521055;201222;258159;18049864;154416;16593084;182120;7447190;63.7;6744874;74;6875651;58.8;6242309;68.5;13670415;8863440;987200;0;630330;6862500;10535319;21715;2406079;3908139;555884;5549;2405397;3275911;555605;5396;1902754;93;1800236;88;812549;893283;91769;2635;5371779;262509;1149430;7184889;71.8;6645984;66.5;2406047;3678538;555869;5530;17551559;175503;235194;7446650;67.7;6875604;62.5;2406069;3908110;555876;5549;18049314;164110;213861;3591456;52.2;3590462;54;3482905;55.8;1370098;76.1;1518308;2012352;59804;992;N/A;N/A;N/A;N/A;N/A;N/A;N/A;N/A;N/A;N/A;N/A;N/A;N/A;N/A;N/A;N/A;N/A;N/A;N/A;N/A;N/A;N/A;N/A;N/A;N/A;N/A;N/A;N/A;N/A;N/A;N/A;N/A;N/A;N/A;N/A;N/A;N/A;N/A;N/A;N/A
Oklahoma;7391530;186798;245996;5945913;150264;5467608;181967;2818911;71.2;2567554;85.5;2271932;57.4;2066792;68.8;3955150;3110380;326000;0;154902;2401923;3386652;2436;858918;1268175;144399;440;858599;1063521;144304;368;684120;95;558771;88;283693;254183;20772;123;1638483;257975;1163780;2742812;82.5;2211666;66.5;858889;1207978;144381;418;5809360;174706;222287;2818594;76.1;2271877;61.4;858899;1268155;144384;439;5945560;160628;199693;854730;37.6;854637;38.6;833907;40.3;350320;62.7;390898;451490;12103;239;N/A;N/A;N/A;N/A;N/A;N/A;N/A;N/A;N/A;N/A;N/A;N/A;N/A;N/A;N/A;N/A;N/A;N/A;N/A;N/A;N/A;N/A;N/A;N/A;N/A;N/A;N/A;N/A;N/A;N/A;N/A;N/A;N/A;N/A;N/A;N/A;N/A;N/A;N/A;N/A
Oregon;10194085;241696;304194;7865531;186487;7143571;213166;3291215;78;2941661;87.8;2943095;69.8;2641408;78.8;5882325;3848160;463600;0;276124;2939957;4632275;17175;1004331;1685278;247663;5823;1001366;1387761;246800;5481;758619;95;700051;91.4;316173;329763;52609;1506;2124575;277331;1330680;3150998;86.4;2829834;77.6;1004327;1572042;247660;5805;7608752;208586;279461;3288116;82.4;2941089;73.7;1004330;1683275;247662;5822;7860362;197005;255496;1580780;53.7;1580307;55.8;1515427;57.4;537552;76.8;670020;885868;24130;762;N/A;N/A;N/A;N/A;N/A;N/A;N/A;N/A;N/A;N/A;N/A;N/A;N/A;N/A;N/A;N/A;N/A;N/A;N/A;N/A;N/A;N/A;N/A;N/A;N/A;N/A;N/A;N/A;N/A;N/A;N/A;N/A;N/A;N/A;N/A;N/A;N/A;N/A;N/A;N/A
Pennsylvania;31065925;242665;305545;23198855;181213;21170146;208216;10898913;85.1;9868772;95;8794881;68.7;7952624;78.2;17625465;11906260;1534200;0;781268;8965874;13450262;1451;3146046;4922391;725754;690;3143494;4083336;725158;636;2737197;95;2276223;95;1070173;1114475;91271;304;6702320;280038;1298000;10506632;94.8;8474688;76.5;3145732;4602618;725651;687;22471623;202784;280340;10895677;90;8793661;72.7;3145919;4921355;725698;689;23194419;191625;256657;3767343;42.8;3766465;44.4;3639937;45.8;1461708;64.2;1649098;2056810;61355;80;N/A;N/A;N/A;N/A;N/A;N/A;N/A;N/A;N/A;N/A;N/A;N/A;N/A;N/A;N/A;N/A;N/A;N/A;N/A;N/A;N/A;N/A;N/A;N/A;N/A;N/A;N/A;N/A;N/A;N/A;N/A;N/A;N/A;N/A;N/A;N/A;N/A;N/A;N/A;N/A
Rhode Island;2623925;247689;306940;2238343;211292;2031825;237678;1047809;95;933039;95;877278;82.8;778089;91;1527325;1007500;89100;0;65699;854484;1316326;1834;293403;522767;60642;466;293261;423769;60613;446;220931;95;190146;95;85013;98170;6814;149;574303;307038;1402820;1001308;95;837584;90.3;293389;483093;60641;461;2166613;233599;282906;1047632;95;877242;87.3;293399;522737;60641;465;2238210;222743;261129;471961;53.8;471769;56.3;453067;58.2;148220;78;199974;266759;5158;70;N/A;N/A;N/A;N/A;N/A;N/A;N/A;N/A;N/A;N/A;N/A;N/A;N/A;N/A;N/A;N/A;N/A;N/A;N/A;N/A;N/A;N/A;N/A;N/A;N/A;N/A;N/A;N/A;N/A;N/A;N/A;N/A;N/A;N/A;N/A;N/A;N/A;N/A;N/A;N/A
South Carolina;10668175;207201;264225;7572355;147073;7002081;173425;3489218;67.8;3187630;78.9;2941841;57.1;2692719;66.7;5757535;4455340;455300;0;232694;2941603;4395858;2200;1048908;1683832;208700;401;1046697;1437575;208056;391;958629;95;820610;87.6;350663;438333;31391;223;2364030;252292;1138520;3388053;76.7;2862225;64.8;1048739;1604437;208650;399;7394728;167303;241363;3486611;71.8;2940392;60.5;1048831;1682509;208653;399;7568220;155845;219679;1179996;40.1;1179798;41.2;1152111;42.8;523771;63.8;506775;650184;22526;511;N/A;N/A;N/A;N/A;N/A;N/A;N/A;N/A;N/A;N/A;N/A;N/A;N/A;N/A;N/A;N/A;N/A;N/A;N/A;N/A;N/A;N/A;N/A;N/A;N/A;N/A;N/A;N/A;N/A;N/A;N/A;N/A;N/A;N/A;N/A;N/A;N/A;N/A;N/A;N/A
South Dakota;1909065;215797;285977;1428499;161475;1294185;193869;679522;76.8;608281;91.1;546138;61.7;490177;73.4;1055465;762200;91400;0;41605;557396;829357;141;199272;307586;39240;40;199197;251733;39208;39;177880;95;146153;95;72321;68761;5048;23;421517;277549;1257030;653055;88.5;524969;71.1;199268;286426;39235;40;1380532;187038;258645;679459;82.5;546127;66.3;199270;307581;39236;40;1428432;173460;231826;229039;41.9;229002;43.6;222414;45.4;94158;64.4;102995;123111;2919;14;N/A;N/A;N/A;N/A;N/A;N/A;N/A;N/A;N/A;N/A;N/A;N/A;N/A;N/A;N/A;N/A;N/A;N/A;N/A;N/A;N/A;N/A;N/A;N/A;N/A;N/A;N/A;N/A;N/A;N/A;N/A;N/A;N/A;N/A;N/A;N/A;N/A;N/A;N/A;N/A
Tennessee;13074730;191454;245806;10022842;146765;9341423;175620;4252887;62.3;3908070;73.5;3729762;54.6;3438806;64.6;7548990;5009440;516300;0;266464;3839379;5852724;64275;1324483;2155977;236506;12796;1323806;1866230;236187;12583;1057421;92.5;968483;84.7;481115;444880;36030;6458;2970045;259757;1143500;4142747;71;3638596;62.4;1324424;2065012;236449;12711;9818924;168260;224052;4252124;66.2;3729607;58.1;1324465;2155882;236466;12794;10021893;156090;203638;1647827;44.2;1647333;45.3;1612069;46.9;666627;68.8;696950;924072;22441;4364;N/A;N/A;N/A;N/A;N/A;N/A;N/A;N/A;N/A;N/A;N/A;N/A;N/A;N/A;N/A;N/A;N/A;N/A;N/A;N/A;N/A;N/A;N/A;N/A;N/A;N/A;N/A;N/A;N/A;N/A;N/A;N/A;N/A;N/A;N/A;N/A;N/A;N/A;N/A;N/A
Texas;62431535;215312;289087;47100045;162437;41564460;192463;21288085;73.4;18379181;85.1;17875519;61.6;15702665;72.7;37329355;22467980;2634200;0;1573911;17240832;28280117;5185;6124058;10385316;1364946;1199;6118545;8220182;1362831;1107;3686353;95;3270216;87.6;1550543;1539556;179727;390;9873337;264401;1671870;20231871;83.9;17161637;71.2;6123194;9672819;1364470;1154;45240221;187710;259040;21281862;78.8;17874043;66.2;6123535;10384656;1364654;1198;47092440;174384;231185;6854863;38.3;6852717;39.9;6604599;42.1;2134163;65.3;2983500;3769742;101376;245;N/A;N/A;N/A;N/A;N/A;N/A;N/A;N/A;N/A;N/A;N/A;N/A;N/A;N/A;N/A;N/A;N/A;N/A;N/A;N/A;N/A;N/A;N/A;N/A;N/A;N/A;N/A;N/A;N/A;N/A;N/A;N/A;N/A;N/A;N/A;N/A;N/A;N/A;N/A;N/A
Utah;6337250;197671;278588;5244552;163588;4555451;200259;2315565;72.2;1969843;86.6;2065237;64.4;1769158;77.8;3934490;2155160;247600;0;184808;1822278;3237133;333;668810;1226092;170320;15;668316;930723;170107;12;377198;95;343834;94;147812;179056;16962;4;1013306;276956;1732100;2186287;84.3;1961196;75.7;668737;1122170;170275;14;5010277;193279;244468;2314969;78.3;2065113;69.8;668787;1226023;170288;15;5243856;177268;214230;924036;44.7;923699;47.1;881476;49.8;257421;74.9;352905;558529;12594;8;N/A;N/A;N/A;N/A;N/A;N/A;N/A;N/A;N/A;N/A;N/A;N/A;N/A;N/A;N/A;N/A;N/A;N/A;N/A;N/A;N/A;N/A;N/A;N/A;N/A;N/A;N/A;N/A;N/A;N/A;N/A;N/A;N/A;N/A;N/A;N/A;N/A;N/A;N/A;N/A
Vermont;1828290;293000;358499;1420645;227671;1277301;250459;585063;93.8;518253;95;507678;81.4;448343;87.9;1039370;716420;72500;0;53534;556557;809672;882;179248;280724;47436;270;179176;221559;47356;252;143661;95;127781;95;61886;63080;2658;157;414018;331111;1462180;555626;95;481689;87.4;179229;254770;47420;270;1364431;247651;331843;584770;95;507664;85.3;179247;280715;47432;270;1420357;238737;307304;307819;60.6;307737;63.9;291431;65;103803;81.2;131810;171476;4516;17;N/A;N/A;N/A;N/A;N/A;N/A;N/A;N/A;N/A;N/A;N/A;N/A;N/A;N/A;N/A;N/A;N/A;N/A;N/A;N/A;N/A;N/A;N/A;N/A;N/A;N/A;N/A;N/A;N/A;N/A;N/A;N/A;N/A;N/A;N/A;N/A;N/A;N/A;N/A;N/A
Virginia;19930285;233498;298596;16621143;194729;14839986;222333;7331872;85.9;6457896;95;6264974;73.4;5505938;82.5;12041285;7104400;784600;0;508095;5897187;10205434;10427;2027521;3777118;456479;3856;2021456;3027115;454037;3330;1471610;95;1271595;93.6;590969;606249;73306;1071;3881530;285636;1466640;6982539;95;5970188;81.7;2027233;3483742;455559;3654;15966831;218515;272757;7324592;91.2;6260517;78;2027379;3772912;456375;3851;16609124;206837;248197;2974204;47.5;2972308;49.8;2838592;51.6;936092;73.6;1230347;1698336;44669;852;N/A;N/A;N/A;N/A;N/A;N/A;N/A;N/A;N/A;N/A;N/A;N/A;N/A;N/A;N/A;N/A;N/A;N/A;N/A;N/A;N/A;N/A;N/A;N/A;N/A;N/A;N/A;N/A;N/A;N/A;N/A;N/A;N/A;N/A;N/A;N/A;N/A;N/A;N/A;N/A
Washington;18079095;237418;303757;14598747;191713;13172105;221312;6163454;80.9;5479050;92.1;5537819;72.7;4924820;82.7;10743195;6573700;762200;0;488925;5472671;8624641;12510;1903398;3176586;453425;4410;1902510;2565035;453036;4239;1247067;95;1143505;94.5;517862;564686;59108;1849;3508072;289990;1494480;5891416;90.6;5301045;81.5;1903299;2940002;453374;4370;14089286;216727;278100;6162078;86.1;5537642;77.4;1903373;3176465;453397;4407;14597235;203917;252557;2906572;52.5;2905207;54.8;2780077;56.5;882921;77.2;1256919;1610485;38109;1059;N/A;N/A;N/A;N/A;N/A;N/A;N/A;N/A;N/A;N/A;N/A;N/A;N/A;N/A;N/A;N/A;N/A;N/A;N/A;N/A;N/A;N/A;N/A;N/A;N/A;N/A;N/A;N/A;N/A;N/A;N/A;N/A;N/A;N/A;N/A;N/A;N/A;N/A;N/A;N/A
West Virginia;4133845;230664;288559;2743477;153083;2566809;179174;1166948;65.1;1077248;75.2;1033987;57.7;958025;66.9;2311925;1655120;166800;0;67460;1183681;1490596;1740;424124;548263;61120;480;423661;472887;61041;436;342333;93.3;311189;84.8;159595;141769;9627;198;910849;248180;1126360;1138843;73.1;1012231;65;424027;526634;61101;469;2694017;172933;265358;1166513;68.7;1033750;60.8;424048;548120;61103;479;2742745;161421;243293;475221;46;475120;46.9;464836;48.5;209489;67.3;224078;245983;5081;79;N/A;N/A;N/A;N/A;N/A;N/A;N/A;N/A;N/A;N/A;N/A;N/A;N/A;N/A;N/A;N/A;N/A;N/A;N/A;N/A;N/A;N/A;N/A;N/A;N/A;N/A;N/A;N/A;N/A;N/A;N/A;N/A;N/A;N/A;N/A;N/A;N/A;N/A;N/A;N/A
Wisconsin;11835945;203282;259797;10364410;178008;9460119;207648;4189427;72;3756611;82.5;3824799;65.7;3434760;75.4;6945745;4437600;452600;0;335296;3959229;6067139;2746;1339410;2183641;300789;959;1339000;1794307;300554;899;1045610;95;976063;95;466445;478563;30712;343;3072188;302011;1163530;4023186;80.5;3676326;73.5;1339362;2035257;300757;950;10047648;200961;236729;4188809;76.3;3824710;69.6;1339398;2183585;300773;954;10363812;188710;215515;2157134;56.4;2156729;58.7;2085313;60.7;792539;81.2;894721;1234923;27345;145;N/A;N/A;N/A;N/A;N/A;N/A;N/A;N/A;N/A;N/A;N/A;N/A;N/A;N/A;N/A;N/A;N/A;N/A;N/A;N/A;N/A;N/A;N/A;N/A;N/A;N/A;N/A;N/A;N/A;N/A;N/A;N/A;N/A;N/A;N/A;N/A;N/A;N/A;N/A;N/A
Wyoming;987485;170621;221894;747349;129130;693953;155936;336306;58.1;309038;69.4;295058;51;271627;61;502045;437240;48200;0;28787;329661;388212;689;119919;148338;26652;149;119891;124964;26628;144;92492;93.3;83426;84.1;42772;36648;3942;64;233771;235706;995659;327483;66.7;287749;58.6;119917;141036;26648;148;731330;149032;201231;336270;61.8;295052;54.3;119918;148336;26649;149;747310;137417;181580;127752;43.3;127728;44.4;124778;45.9;56975;68.3;59558;66309;1829;56;N/A;N/A;N/A;N/A;N/A;N/A;N/A;N/A;N/A;N/A;N/A;N/A;N/A;N/A;N/A;N/A;N/A;N/A;N/A;N/A;N/A;N/A;N/A;N/A;N/A;N/A;N/A;N/A;N/A;N/A;N/A;N/A;N/A;N/A;N/A;N/A;N/A;N/A;N/A;N/A
